,google_address,Predicted AirBNB Price,Zillow List Price,Bathrooms,Bedrooms,Zipcode,Neighborhood,Lat,Long,Cap Rate,Annual Cost,NOI,Annual Income,Occupancy Days,Occupancy Rate
986,1443 Southwest 19th Drive,150.702808180535,264000.0,2.5,4.0,97080,Gresham Butte,45.48395538,-122.4463196,0.1,12000.0,26400.0,38400.0,254.80613442848775,0.698098998434213
14153,2288 Southwest 186th Avenue,150.69057683534876,79237.0,2.5,4.0,97006,Cooper Mountain - Aloha North,45.50330734,-122.8684616,0.1,12000.0,7923.700000000001,19923.7,132.21596478305025,0.36223551995356235
14674,4681 Southwest Ace Terrace,150.6634004155072,422500.0,2.5,4.0,97007,Cooper Mountain - Aloha North,45.48604965,-122.8567352,0.1,12000.0,42250.0,54250.0,360.0741776064166,0.9865045961819633
5382,7690 Southeast Dolinda Street,150.37554074179778,371500.0,2.5,4.0,97267,North Clackamas,45.40184402,-122.5844498,0.1,12000.0,37150.0,49150.0,326.84836747748074,0.8954749793903581
11557,4442 Southeast Pennywood Drive,149.37286457985914,70000.0,2.5,4.0,97222,Lake Road,45.42980576,-122.617691,0.1,12000.0,7000.0,19000.0,127.19847111080901,0.34848896194742196
11915,191 Canemah Court,149.06969212214707,420000.0,2.0,4.0,97045,South End,45.34202194,-122.6120911,0.1,12000.0,42000.0,54000.0,362.2466728901045,0.9924566380550808
5272,1107 Northeast Knott Street,148.73414989221635,350000.0,2.5,4.0,97212,Irvington,45.54227448,-122.6541824,0.1,12000.0,35000.0,47000.0,316.00005805028394,0.865753583699408
896,3110 Southwest 15th Court,148.42201038971106,361000.0,2.0,4.0,97080,Southwest,45.48606873,-122.4635468,0.1,12000.0,36100.0,48100.0,324.0759229288434,0.8878792409009408
4899,1606 Northeast Buffalo Street,147.79566468998544,240000.0,2.0,4.0,97211,Woodlawn,45.57460022,-122.649025,0.1,12000.0,24000.0,36000.0,243.57953987022017,0.6673412051238908
11532,3855 Mohawk Way,147.028333976366,349900.0,2.0,4.0,97068,Robinwood,45.3795433,-122.6365891,0.1,12000.0,34990.0,46990.0,319.59826197550046,0.8756116766452068
700,1913 Northwest Division Street,145.93658719620942,399000.0,2.0,4.0,97030,Northwest,45.50473404,-122.4521103,0.1,12000.0,39900.0,51900.0,355.6339160530133,0.974339496035653
378,510 Northwest Bella Vista Drive,145.93658719620942,379000.0,2.0,4.0,97030,Northwest,45.50094986,-122.4503632,0.1,12000.0,37900.0,49900.0,341.9293335461535,0.9367926946469959
1193,2022 Northwest 16th Street,145.93658719620942,386000.0,2.0,4.0,97030,Northwest,45.50843048,-122.4527359,0.1,12000.0,38600.0,50600.0,346.7259374235544,0.9499340751330257
1241,820 Northeast Division Street,145.93658719620942,315000.0,2.0,4.0,97030,Northwest,45.50423431,-122.4405136,0.1,12000.0,31500.0,43500.0,298.0746695242019,0.8166429302032929
69,2280 Northeast 23rd Street,145.63309423418988,345000.0,2.0,4.0,97030,Northeast,45.51283264,-122.4095917,0.1,12000.0,34500.0,46500.0,319.29555740417226,0.8747823490525267
66,1880 Northeast View Court,145.63309423418988,396000.0,2.0,4.0,97030,Northeast,45.51237869,-122.4136887,0.1,12000.0,39600.0,51600.0,354.3150701517266,0.9707262195937716
4828,1325 Southeast 31st Avenue,145.5896846963238,17413.0,2.0,4.0,97214,Sunnyside,45.51315689,-122.6340714,0.1,12000.0,1741.3000000000002,13741.3,94.3837472322445,0.2585856088554644
4719,16026 Southeast Johnson Road,145.43375460777457,6800.0,2.0,4.0,97015,North Clackamas,45.40687561,-122.5754471,0.1,12000.0,680.0,12680.0,87.18746232053995,0.23886975978230124
5298,9021 Northeast Emerson Street,145.32546185660107,285000.0,2.0,4.0,97220,Sumner,45.56204605,-122.5695953,0.1,12000.0,28500.0,40500.0,278.6848187688067,0.7635200514213881
1622,7297 Southeast Lindsay Lane,145.2301379230591,210000.0,2.0,4.0,97123,Reedville,45.49944305,-122.9075317,0.1,12000.0,21000.0,33000.0,227.22556400437313,0.622535791792803
1699,1582 Southeast 73rd Avenue,145.2301379230591,410000.0,2.0,4.0,97123,Reedville,45.50793839,-122.9065399,0.1,12000.0,41000.0,53000.0,364.93802703732655,0.9998302110611686
11733,16845 Southeast Gurnee Avenue,145.10763756967552,349900.0,2.0,4.0,97027,North Clackamas,45.40090179,-122.5849533,0.1,12000.0,34990.0,46990.0,323.8285784746311,0.8872015848620031
255,21045 Southeast Yamhill Street,144.92494398947758,345000.0,2.0,4.0,97030,North Central,45.51643372,-122.4465103,0.1,12000.0,34500.0,46500.0,320.8557389773853,0.879056819116124
58,2285 Northeast Juniper Avenue,144.92494398947758,395000.0,2.0,4.0,97030,North Central,45.51330185,-122.4233322,0.1,12000.0,39500.0,51500.0,355.35635607172776,0.973579057730761
225,21605 Southeast Alder Street,144.92494398947758,381000.0,2.0,4.0,97030,North Central,45.51779938,-122.4402924,0.1,12000.0,38100.0,50100.0,345.69618328531186,0.9471128309186626
62,21001 Southeast Yamhill Street,144.92494398947758,387550.0,2.0,4.0,97030,North Central,45.51643753,-122.4473343,0.1,12000.0,38755.0,50755.0,350.2157641246707,0.9594952441771801
67,21934 Southeast Morrison Court,144.92494398947758,283000.0,2.0,4.0,97030,North Central,45.51645279,-122.4355927,0.1,12000.0,28300.0,40300.0,278.07497378040057,0.7618492432339742
171,721 Southeast 221st Avenue,144.92494398947758,385000.0,2.0,4.0,97030,North Central,45.51655197,-122.4353409,0.1,12000.0,38500.0,50500.0,348.4562326528593,0.9546746100078336
149,416 Southeast 240th Court,144.92494398947758,372500.0,2.0,4.0,97030,North Central,45.51956177,-122.4160233,0.1,12000.0,37250.0,49250.0,339.83107837927366,0.9310440503541744
134,1110 Southeast 208th Avenue,144.92494398947758,385000.0,2.0,4.0,97030,North Central,45.51529312,-122.4491882,0.1,12000.0,38500.0,50500.0,348.4562326528593,0.9546746100078336
78,1408 Northeast 19th Street,144.92494398947758,391000.0,2.0,4.0,97030,North Central,45.51039124,-122.4178238,0.1,12000.0,39100.0,51100.0,352.5963067041804,0.9660172786415901
108,1038 Southeast 207th Avenue,144.92494398947758,396000.0,2.0,4.0,97030,North Central,45.51491165,-122.4512329,0.1,12000.0,39600.0,51600.0,356.04636841361463,0.9754695025030538
5228,10902 Southeast Stephens Street,144.62485297058197,345000.0,2.0,4.0,97216,Southeast Portland,45.50985336,-122.5512085,0.1,12000.0,34500.0,46500.0,321.52150232061797,0.8808808282756657
11509,9979 Southeast Old Town Court,144.59146363579882,369900.0,4.0,3.0,97086,West Mount Scott,45.45070648,-122.570694,0.1,12000.0,36990.0,48990.0,338.81668231395344,0.9282648830519272
5154,6225 Southeast 128th Avenue,144.0813245737502,354000.0,2.0,4.0,97236,Southeast Portland,45.47745132,-122.5325775,0.1,12000.0,35400.0,47400.0,328.98087340762606,0.9013174613907563
762,18177 Southeast Bush Terrace,143.8330143477445,360000.0,2.5,4.0,97236,Centennial,45.49528122,-122.4758606,0.1,12000.0,36000.0,48000.0,333.7203229569436,0.9143022546765579
10969,1124 Taylor Street,143.40449016444873,375000.0,2.0,4.0,97045,McLoughlin,45.35536194,-122.5927429,0.1,12000.0,37500.0,49500.0,345.1774762647669,0.9456917157938819
5331,5116 Northeast Oregon Street,143.3912460613553,15000.0,2.0,4.0,97213,Rose City Park,45.5288353,-122.6106873,0.1,12000.0,1500.0,13500.0,94.14800673552638,0.2579397444808942
997,2148 Southeast 10th Street,143.06030139403228,351170.0,2.0,4.0,97080,Mount Hood,45.48961639,-122.4104996,0.1,12000.0,35117.0,47117.0,329.350627259097,0.9023304856413616
60,17814 Northeast Davis Street,142.82808260337515,300000.0,2.0,4.0,97230,Rockwood,45.52353287,-122.4796448,0.1,12000.0,30000.0,42000.0,294.05981817057244,0.8056433374536232
735,21 Northeast 202nd Avenue,142.82808260337515,385000.0,2.0,4.0,97230,Rockwood,45.52256012,-122.4554367,0.1,12000.0,38500.0,50500.0,353.5719242289026,0.9686902033668565
97,17011 Northeast Everett Street,142.82808260337515,349000.0,2.0,4.0,97230,Rockwood,45.52502823,-122.4874268,0.1,12000.0,34900.0,46900.0,328.36679695713923,0.8996350601565458
746,36 Northeast 172nd Avenue,142.82808260337515,375000.0,2.0,4.0,97230,Rockwood,45.52264404,-122.4858551,0.1,12000.0,37500.0,49500.0,346.5704999867461,0.9495082191417701
281,16630 Northeast Everett Court,142.82808260337515,360000.0,2.0,4.0,97230,Rockwood,45.52450943,-122.491539,0.1,12000.0,36000.0,48000.0,336.0683636235114,0.9207352428041409
81,714 Southeast 180th Avenue,142.74655334385037,366500.0,2.0,4.0,97233,Rockwood,45.51745224,-122.4773483,0.1,12000.0,36650.0,48650.0,340.81383305144357,0.9337365289080646
425,423 Southeast 167th Avenue,142.74655334385037,400000.0,2.0,4.0,97233,Rockwood,45.51972198,-122.491478,0.1,12000.0,40000.0,52000.0,364.2820003838657,0.9980328777640156
217,16632 Southeast Ankeny Street,142.74655334385037,370000.0,2.0,4.0,97233,Rockwood,45.52113724,-122.4914932,0.1,12000.0,37000.0,49000.0,343.2657311309503,0.9404540578930145
4384,10410 Northeast Fargo Street,141.98703927438598,335000.0,2.0,4.0,97220,Parkrose Heights,45.54512024,-122.5556488,0.1,12000.0,33500.0,45500.0,320.45178371578356,0.8779500923720097
5531,5319 Southeast 129th Avenue,141.85570951894013,370000.0,2.0,4.0,97236,Powellhurst-Gilbert,45.48414612,-122.5313339,0.1,12000.0,37000.0,49000.0,345.4214156495243,0.9463600428754091
4555,12433 Southeast Holgate Boulevard,141.85570951894013,275000.0,2.0,4.0,97236,Powellhurst-Gilbert,45.48987579,-122.5350189,0.1,12000.0,27500.0,39500.0,278.451957513392,0.7628820753791562
5157,12403 Southeast Cora Street,141.85570951894013,370000.0,2.0,4.0,97236,Powellhurst-Gilbert,45.49125671,-122.535759,0.1,12000.0,37000.0,49000.0,345.4214156495243,0.9463600428754091
5553,2741 Southeast 129th Avenue,141.85570951894013,345000.0,2.0,4.0,97236,Powellhurst-Gilbert,45.5022049,-122.5315094,0.1,12000.0,34500.0,46500.0,327.7978740347527,0.8980763672185005
5275,12615 Southeast Woodward Street,141.85570951894013,345000.0,2.0,4.0,97236,Powellhurst-Gilbert,45.50141144,-122.5331497,0.1,12000.0,34500.0,46500.0,327.7978740347527,0.8980763672185005
5693,2830-2832 Southeast 133rd Avenue,141.85570951894013,372000.0,2.0,4.0,97236,Powellhurst-Gilbert,45.50139618,-122.5259018,0.1,12000.0,37200.0,49200.0,346.83129897870606,0.9502227369279618
14997,13895 Southwest Hargis Road,141.67858104041147,291000.0,2.0,4.0,97008,Highland,45.46309662,-122.8196716,0.1,12000.0,29100.0,41100.0,290.09324979247856,0.7947760268287084
5300,5546 North Denver Avenue,141.663911251218,325000.0,2.0,4.0,97217,Overlook,45.56339645,-122.6871567,0.1,12000.0,32500.0,44500.0,314.12375676319186,0.860613032227923
5811,4317 Southeast 117th Avenue,141.0404169236925,359900.0,2.0,4.0,97266,Powellhurst-Gilbert,45.49066925,-122.5427094,0.1,12000.0,35990.0,47990.0,340.25707699066265,0.9322111698374319
5762,11843 Southeast Schiller Street,141.0404169236925,309000.0,2.0,4.0,97266,Powellhurst-Gilbert,45.48754883,-122.5410309,0.1,12000.0,30900.0,42900.0,304.1681309210133,0.8333373449890775
846,3068 Southeast Pheasant Avenue,140.8346863392222,230000.0,2.0,4.0,97080,Kelly Creek,45.47489166,-122.3709946,0.1,12000.0,23000.0,35000.0,248.51832250825672,0.6808721164609773
10635,13162 Wassail Lane,140.77421782694591,390000.0,2.0,4.0,97045,Hillendale,45.32750702,-122.596344,0.1,12000.0,39000.0,51000.0,362.28224732666905,0.9925541022648467
14987,11720 Southwest Robbins Drive,140.76810215435282,15000.0,2.0,4.0,97008,Greenway,45.45049667,-122.7972641,0.1,12000.0,1500.0,13500.0,95.90240824016504,0.26274632394565767
4851,9342 North Woolsey Avenue,140.72924496024882,369900.0,2.0,4.0,97203,North Portland,45.59094238,-122.7134018,0.1,12000.0,36990.0,48990.0,348.11527635096735,0.9537404831533352
4834,8911 North Dwight Avenue,140.72924496024882,364900.0,2.0,4.0,97203,North Portland,45.58744049,-122.715004,0.1,12000.0,36490.0,48490.0,344.56235456743025,0.9440064508696719
5048,8907 North Kimball Avenue,140.72924496024882,325000.0,2.0,4.0,97203,North Portland,45.5866127,-122.7295151,0.1,12000.0,32500.0,44500.0,316.210038734804,0.8663288732460384
4478,9909 Northeast Prescott Street,140.67190310563458,330000.0,2.0,4.0,97220,Northeast Portland,45.55554581,-122.5605774,0.1,12000.0,33000.0,45000.0,319.8933049637368,0.8764200135992789
4493,4812 Northeast 100th Avenue,140.67190310563458,350000.0,2.0,4.0,97220,Northeast Portland,45.55820847,-122.5594788,0.1,12000.0,35000.0,47000.0,334.1107851843473,0.9153720142036913
4812,2021 Northeast 92nd Avenue,140.67190310563458,12000.0,2.0,4.0,97220,Northeast Portland,45.53696442,-122.5688553,0.1,12000.0,1200.0,13200.0,93.83536945602947,0.2570832039891218
5700,14005 Northeast Halsey Street,140.4001389072187,325000.0,2.0,4.0,97230,Northeast Portland,45.53391266,-122.518959,0.1,12000.0,32500.0,44500.0,316.9512533702488,0.8683595982746543
4533,12320 Northeast Brazee Street,140.4001389072187,327000.0,2.0,4.0,97230,Northeast Portland,45.53966522,-122.5360184,0.1,12000.0,32700.0,44700.0,318.375753385396,0.8722623380421809
4821,8333 North Peninsular Avenue,140.3487750824666,340000.0,2.0,4.0,97217,North Portland,45.58380508,-122.6975555,0.1,12000.0,34000.0,46000.0,327.75490896141537,0.8979586546888092
5060,720 North Holland Street,140.3487750824666,300.0,2.0,4.0,97217,North Portland,45.57560349,-122.6741867,0.1,12000.0,30.0,12030.0,85.71503380012666,0.2348357090414429
4339,2212 North Kilpatrick Street,140.3487750824666,180000.0,2.0,4.0,97217,North Portland,45.58218384,-122.6892853,0.1,12000.0,18000.0,30000.0,213.75320149657523,0.5856252095796581
283,1950 Northwest Florence Avenue,140.24581254788302,309900.0,4.0,3.0,97030,Northwest,45.50999451,-122.4426346,0.1,12000.0,30990.0,42990.0,306.5332163505578,0.8398170310974186
213,1908 Northwest Florence Avenue,140.24581254788302,305000.0,4.0,3.0,97030,Northwest,45.50979614,-122.4432449,0.1,12000.0,30500.0,42500.0,303.0393508932009,0.8302447969676737
73,1936 Northwest Florence Avenue,140.24581254788302,330000.0,4.0,3.0,97030,Northwest,45.50971603,-122.4428406,0.1,12000.0,33000.0,45000.0,320.8651950633892,0.8790827262010663
313,1928 Northwest Florence Avenue,140.24581254788302,325000.0,4.0,3.0,97030,Northwest,45.5098381,-122.4428635,0.1,12000.0,32500.0,44500.0,317.30002622935154,0.8693151403543878
4511,3773 North Vancouver Avenue,140.07701088405074,368150.0,2.0,4.0,97227,North Portland,45.55022049,-122.6682663,0.1,12000.0,36815.0,48815.0,348.486876553975,0.9547585659013014
5845,8103 Southeast Carlton Street,139.8384011353386,362000.0,2.0,4.0,97206,Mount Scott - Arleta,45.4784317,-122.5800323,0.1,12000.0,36200.0,48200.0,344.6835748168417,0.9443385611420321
122,636 Northeast 190th Avenue,139.69198866250642,11000.0,2.0,4.0,97230,North Gresham,45.52762604,-122.4677582,0.1,12000.0,1100.0,13100.0,93.77774720960834,0.25692533482084473
183,539 Northeast 185th Place,139.69198866250642,388000.0,2.0,4.0,97230,North Gresham,45.52713013,-122.4723053,0.1,12000.0,38800.0,50800.0,363.65721818687814,0.9963211457174743
63,19810 Northeast Multnomah Street,139.69198866250642,187500.0,2.0,4.0,97230,North Gresham,45.53158951,-122.4589615,0.1,12000.0,18750.0,30750.0,220.1271547095768,0.603088095094731
767,1125 Northeast 190th Place,139.69198866250642,78500.0,2.0,4.0,97230,North Gresham,45.53075409,-122.4675674,0.1,12000.0,7850.0,19850.0,142.0983421458569,0.3893105264270052
96,1131 Northeast 195th Avenue,139.69198866250642,360000.0,2.0,4.0,97230,North Gresham,45.53141403,-122.4624634,0.1,12000.0,36000.0,48000.0,343.6131195466565,0.941405806977141
5343,417-419 Southeast 84th Avenue,139.26314397490316,192794.0,2.0,4.0,97216,Montavilla,45.51954651,-122.5773468,0.1,12000.0,19279.4,31279.4,224.60644724232935,0.6153601294310393
5771,1554 Southeast 85th Avenue,139.26314397490316,328500.0,2.0,4.0,97216,Montavilla,45.51143646,-122.5758133,0.1,12000.0,32850.0,44850.0,322.0521863852398,0.882334757219835
4846,1338 Southeast 85th Avenue,139.26314397490316,363400.0,2.0,4.0,97216,Montavilla,45.51308441,-122.5758133,0.1,12000.0,36340.0,48340.0,347.1126575220177,0.9509935822521033
5283,414 Southeast 83rd Avenue,139.26314397490316,105319.0,2.0,4.0,97216,Montavilla,45.51956558,-122.5777969,0.1,12000.0,10531.900000000001,22531.9,161.79370475838542,0.4432704239955765
5450,1512 Southeast 84th Avenue,139.26314397490316,365000.0,2.0,4.0,97216,Montavilla,45.51202393,-122.576828,0.1,12000.0,36500.0,48500.0,348.2615616429015,0.9541412647750726
4726,2325 Southeast 121st Avenue,139.16197965422998,330000.0,2.0,4.0,97216,Mill Park,45.50553513,-122.5392456,0.1,12000.0,33000.0,45000.0,323.3641840379796,0.8859292713369304
15060,1510 Southwest 196th Avenue,138.9003329012455,375000.0,2.0,4.0,97006,Cooper Mountain - Aloha North,45.50865936,-122.8780441,0.1,12000.0,37500.0,49500.0,356.3706361682604,0.9763579073103024
12992,19710 Southwest Shire Court,138.9003329012455,375000.0,2.0,4.0,97006,Cooper Mountain - Aloha North,45.50682068,-122.8798828,0.1,12000.0,37500.0,49500.0,356.3706361682604,0.9763579073103024
14820,19520 Southwest Blaine Street,138.9003329012455,380000.0,2.0,4.0,97006,Cooper Mountain - Aloha North,45.50582886,-122.8779221,0.1,12000.0,38000.0,50000.0,359.97033956389936,0.9862201083942448
14477,17765 Southwest Jersey Court,138.8731564814039,368900.0,2.0,4.0,97007,Cooper Mountain - Aloha North,45.48784256,-122.8600006,0.1,12000.0,36890.0,48890.0,352.0478776367895,0.9645147332514781
14663,17327 Southwest Novato Lane,138.8731564814039,385000.0,2.0,4.0,97007,Cooper Mountain - Aloha North,45.48170853,-122.8550568,0.1,12000.0,38500.0,50500.0,363.641190850028,0.9962772352055562
12007,10885 Southwest 74th Avenue,138.87058039466567,320000.0,2.0,4.0,97223,Metzger,45.44136429,-122.7540741,0.1,12000.0,32000.0,44000.0,316.84176644868506,0.8680596341059865
13555,7710 Southwest Gentle Woods Drive,138.84340397482407,220000.0,2.0,4.0,97224,Metzger,45.40951538,-122.7564774,0.1,12000.0,22000.0,34000.0,244.88019615368322,0.6709046469963924
5645,12831 Southeast Sherman Street,138.69998051692298,270000.0,2.0,4.0,97233,Mill Park,45.50687408,-122.530777,0.1,12000.0,27000.0,39000.0,281.1824475724534,0.7703628700615162
5469,735 Southeast 128th Avenue,138.69998051692298,349000.0,2.0,4.0,97233,Mill Park,45.5170517,-122.5319519,0.1,12000.0,34900.0,46900.0,338.13991772174523,0.9264107334842335
9564,12316 Southeast Juniper Street,138.18960656979496,300000.0,2.0,4.0,97222,Linwood,45.4337883,-122.597847,0.1,12000.0,30000.0,42000.0,303.93023789952827,0.8326855832863788
11686,9918 Southeast 43rd Avenue,138.08844224912178,350000.0,2.0,4.0,97222,Lewelling,45.45127869,-122.618187,0.1,12000.0,35000.0,47000.0,340.36157722170924,0.9324974718402993
1260,150 Northwest 12th Street,138.045770183701,335000.0,2.0,4.0,97030,City Central,45.50534439,-122.4335022,0.1,12000.0,33500.0,45500.0,329.60082688120036,0.9030159640580832
1007,2545 Southeast 187th Place,137.64111290100826,373000.0,2.0,4.0,97030,Centennial,45.50377274,-122.4702301,0.1,12000.0,37300.0,49300.0,358.1778653261591,0.9813092200716689
5991,5635 Southeast 103rd Avenue,136.79151545541873,355000.0,2.0,4.0,97266,Lents,45.4812851,-122.5574493,0.1,12000.0,35500.0,47500.0,347.243758809592,0.9513527638618959
5872,10612 Southeast Liebe Street,136.79151545541873,365000.0,2.0,4.0,97266,Lents,45.48640442,-122.5536194,0.1,12000.0,36500.0,48500.0,354.5541537318992,0.9713812431010936
4786,10306 Southeast Mitchell Street,136.79151545541873,342000.0,2.0,4.0,97266,Lents,45.48460007,-122.5569229,0.1,12000.0,34200.0,46200.0,337.74024541059265,0.9253157408509388
5251,8936 Southeast Claybourne Street,136.79151545541873,330000.0,2.0,4.0,97266,Lents,45.47455215,-122.5709076,0.1,12000.0,33000.0,45000.0,328.967771503824,0.9012815657639014
5213,8356 Southeast Lafayette Street,136.79151545541873,375000.0,2.0,4.0,97266,Lents,45.49597549,-122.5765533,0.1,12000.0,37500.0,49500.0,361.86454865420643,0.9914097223402916
5065,4555 Southeast 105th Avenue,136.79151545541873,370000.0,2.0,4.0,97266,Lents,45.48897552,-122.5548553,0.1,12000.0,37000.0,49000.0,358.2093511930528,0.9813954827206925
11630,2419 Southeast Lake Road,136.0651558356581,340000.0,2.0,4.0,97222,Historic Milwaukie,45.43967819,-122.6366348,0.1,12000.0,34000.0,46000.0,338.07332757226703,0.9262282947185398
11816,441 Dewey Street,135.41250883126713,365000.0,2.0,4.0,97045,Barclay Hills,45.3483963,-122.5950241,0.1,12000.0,36500.0,48500.0,358.1648432526583,0.9812735431579679
11061,324 Division Street,135.41250883126713,325000.0,2.0,4.0,97045,Barclay Hills,45.35148239,-122.5976715,0.1,12000.0,32500.0,44500.0,328.62547473697515,0.9003437664026717
4524,12321 Northeast Multnomah Street,135.34192287355947,351250.0,2.0,4.0,97230,Hazelwood,45.53155899,-122.5361176,0.1,12000.0,35125.0,47125.0,348.19218612717367,0.953951194868969
4757,131 Northeast 131st Place,135.34192287355947,250000.0,2.0,4.0,97230,Hazelwood,45.52366638,-122.5281982,0.1,12000.0,25000.0,37000.0,273.38166337836446,0.7489908585708616
5622,13526 Southeast Sherman Drive,135.26039361403468,364000.0,2.0,4.0,97233,Hazelwood,45.50553131,-122.5241776,0.1,12000.0,36400.0,48400.0,357.82832436603223,0.9803515736055678
4366,634 Southeast 136th Avenue,135.26039361403468,330000.0,2.0,4.0,97233,Hazelwood,45.51782227,-122.5235291,0.1,12000.0,33000.0,45000.0,332.69162389403823,0.9114839010795568
5741,3714 Southeast 56th Avenue,134.78018510167934,300000.0,2.0,4.0,97206,Foster - Powell,45.49588013,-122.6052628,0.1,12000.0,30000.0,42000.0,311.61850659512623,0.8537493331373321
820,1675 Southeast 2nd Place,134.36016981613838,360000.0,2.0,4.0,97080,Asert,45.49595642,-122.4147873,0.1,12000.0,36000.0,48000.0,357.24872978118685,0.9787636432361284
5725,116 Southeast 153rd Avenue,134.24875040730285,366000.0,2.0,4.0,97233,Glenfair,45.52148438,-122.5057602,0.1,12000.0,36600.0,48600.0,362.0145427987258,0.9918206652019885
5831,3438 Southeast Tolman Street,134.1807405363334,300000.0,2.0,4.0,97202,Eastmoreland,45.4768219,-122.6273956,0.1,12000.0,30000.0,42000.0,313.0106439428039,0.8575634080624764
5334,5249 Northeast 45th Place,133.44242485684845,276910.0,2.0,4.0,97218,Cully,45.56066895,-122.6165848,0.1,12000.0,27691.0,39691.0,297.4391393335281,0.8149017515987071
5215,5225 Northeast Wygant Street,133.44242485684845,352000.0,2.0,4.0,97218,Cully,45.55810165,-122.6089325,0.1,12000.0,35200.0,47200.0,353.7105987892098,0.969070133669068
14836,17018 Southwest Berkeley Lane,133.20955825291907,290000.0,4.0,3.0,97006,Cooper Mountain - Aloha North,45.50638962,-122.8523483,0.1,12000.0,29000.0,41000.0,307.7857215182346,0.8432485521047524
14830,19855 Southwest Rock Drive,133.20955825291907,290000.0,4.0,3.0,97006,Cooper Mountain - Aloha North,45.50706863,-122.8812332,0.1,12000.0,29000.0,41000.0,307.7857215182346,0.8432485521047524
14729,2367 Southwest 218th Drive,133.20955825291907,13700.0,4.0,3.0,97006,Cooper Mountain - Aloha North,45.50247955,-122.9017639,0.1,12000.0,1370.0,13370.0,100.36817309021455,0.2749812961375741
14617,17462 Southwest Sellwood Lane,133.18238183307747,347000.0,4.0,3.0,97007,Cooper Mountain - Aloha North,45.48247147,-122.8570633,0.1,12000.0,34700.0,46700.0,350.64698015786263,0.960676657966747
13770,11505 Southwest Manzanita Street,133.17980574633927,341000.0,4.0,3.0,97223,Metzger,45.44028854,-122.7953796,0.1,12000.0,34100.0,46100.0,346.1485751661502,0.9483522607291786
4512,4238 Southeast Ash Street,132.86178545632026,350000.0,1.5,4.0,97215,Southeast Portland,45.52174759,-122.6184769,0.1,12000.0,35000.0,47000.0,353.75107927818533,0.969181039118316
4990,1890 Northwest 119th Avenue,132.13184103185912,120000.0,2.0,4.0,97229,Cedar Mill,45.53326035,-122.7991409,0.1,12000.0,12000.0,24000.0,181.63676380028045,0.49763496931583684
4876,10080 Northwest Cornell Road,132.13184103185912,300000.0,2.0,4.0,97229,Cedar Mill,45.52637863,-122.7803345,0.1,12000.0,30000.0,42000.0,317.86433665049077,0.8708611963027144
120,1345 Southeast 175th Place,132.12429967316595,358000.0,2.0,4.0,97233,Centennial,45.51299286,-122.4831696,0.1,12000.0,35800.0,47800.0,361.7805363452612,0.9911795516308527
5623,1741 Southeast 174th Avenue,132.12429967316595,305000.0,2.0,4.0,97233,Centennial,45.5100174,-122.4850998,0.1,12000.0,30500.0,42500.0,321.6667948676486,0.8812788900483524
196,1450 Southeast 179th Avenue,132.12429967316595,350000.0,2.0,4.0,97233,Centennial,45.51194,-122.4786072,0.1,12000.0,35000.0,47000.0,355.725631971282,0.9745907725240602
4377,1712 Southeast 142nd Place,132.12429967316595,340000.0,2.0,4.0,97233,Centennial,45.51116562,-122.5160446,0.1,12000.0,34000.0,46000.0,348.15700150380786,0.9538547986405694
5479,15850 Southeast Grant Street,132.12429967316595,359950.0,2.0,4.0,97233,Centennial,45.50694275,-122.4993744,0.1,12000.0,35995.0,47995.0,363.2564192864187,0.9952230665381334
5620,1045-1047 Southeast 149th Place,132.12429967316595,340000.0,2.0,4.0,97233,Centennial,45.51538467,-122.5097275,0.1,12000.0,34000.0,46000.0,348.15700150380786,0.9538547986405694
776,2209 Southeast 186th Avenue,132.12429967316595,337250.0,2.0,4.0,97233,Centennial,45.50666809,-122.4715042,0.1,12000.0,33725.0,45725.0,346.0756281252525,0.9481524058226095
5505,14628 Southeast Salmon Street,132.12429967316595,338000.0,2.0,4.0,97233,Centennial,45.51435471,-122.51297,0.1,12000.0,33800.0,45800.0,346.64327541031304,0.9497076038638713
5453,15807 Southeast Alder Street,132.12429967316595,350000.0,2.0,4.0,97233,Centennial,45.51758575,-122.5002365,0.1,12000.0,35000.0,47000.0,355.725631971282,0.9745907725240602
1152,17724 Southeast Stephens Street,132.12429967316595,352000.0,2.0,4.0,97233,Centennial,45.50902557,-122.4803009,0.1,12000.0,35200.0,47200.0,357.23935806477675,0.9787379673007582
298,18025 Southeast Stephens Street,132.12429967316595,349950.0,2.0,4.0,97233,Centennial,45.50943756,-122.4774094,0.1,12000.0,34995.0,46995.0,355.68778881894457,0.9744870926546426
5357,16520 Southeast Tibbetts Street,132.0427704136412,316100.0,2.0,4.0,97236,Centennial,45.5002861,-122.4932938,0.1,12000.0,31610.0,43610.0,330.27177378500915,0.9048541747534498
4650,15633 Southeast Division Street,132.0427704136412,300000.0,2.0,4.0,97236,Centennial,45.5045929,-122.5023346,0.1,12000.0,30000.0,42000.0,318.07875484912597,0.8714486434222629
1137,2614 Southeast 175th Place,132.0427704136412,290000.0,2.0,4.0,97236,Centennial,45.50356674,-122.4823608,0.1,12000.0,29000.0,41000.0,310.505451162242,0.8506998661979234
5669,3114 Southeast 165th Place,132.0427704136412,345000.0,2.0,4.0,97236,Centennial,45.49991989,-122.492424,0.1,12000.0,34500.0,46500.0,352.15862144010373,0.9648181409317911
5754,2236 Southeast Salmon Street,132.03366572611702,330681.0,2.0,4.0,97214,Buckman Neighborhood,45.51414871,-122.6427155,0.1,12000.0,33068.1,45068.1,341.33794401714675,0.9351724493620459
13898,12905 Southwest 121st Avenue,131.8902422682159,265000.0,2.0,4.0,97223,Bull Mountain,45.42655945,-122.8000488,0.1,12000.0,26500.0,38500.0,291.9093887302539,0.7997517499459011
5439,8125 South East Cooper Street,131.7452554814838,350000.0,2.0,4.0,97206,Brentwood-Darlington,45.47372818,-122.5800095,0.1,12000.0,35000.0,47000.0,356.7490899632863,0.9773947670227021
5870,8002 Southeast Flavel Street,131.7452554814838,360000.0,2.0,4.0,97206,Brentwood-Darlington,45.46850204,-122.5814209,0.1,12000.0,36000.0,48000.0,364.3394961327179,0.9981904003636107
4825,6721 Southeast 63rd Avenue,131.7452554814838,40000.0,2.0,4.0,97206,Brentwood-Darlington,45.47385025,-122.5985413,0.1,12000.0,4000.0,16000.0,121.44649871090596,0.3327301334545369
11422,3835 Southeast Filbert Street,130.09646091594018,85000.0,2.0,4.0,97222,Ardenwald,45.45623779,-122.6232071,0.1,12000.0,8500.0,20500.0,157.5753856459305,0.4317133853313165
5291,6024 North Commercial Avenue,128.5585311483633,161230.0,1.5,4.0,97217,North Portland,45.56690216,-122.6709213,0.1,12000.0,16123.0,28123.0,218.75638861760626,0.5993325715550857
